date_time,contest_name,link
2026-10-03 17:30:00,AtCoder Beginner Contest 478,https://atcoder.jp/contests/abc478
2026-10-04 17:30:00,AtCoder Regular Contest 231,https://atcoder.jp/contests/arc231
2026-10-10 17:30:00,AtCoder Regular Contest++ 232,https://atcoder.jp/contests/arc232
2026-10-11 17:30:00,AtCoder Beginner Contest 479,https://atcoder.jp/contests/abc479
2026-10-12 09:30:00,AAL Contest 001: Let's use segtree!,https://atcoder.jp/contests/aalc001
2026-09-28 19:00:00,Monday Munch - DSA Challenge 022 (Rated),https://www.codechef.com/DSAMONDAY022
2026-09-30 20:00:00,Starters 258,https://www.codechef.com/START258
2026-10-10 20:00:00,Biweekly Contest 193,https://leetcode.com/contest/biweekly-contest-193
2026-10-04 08:00:00,Weekly Contest 522,https://leetcode.com/contest/weekly-contest-522
2026-10-17 20:05:00,Codeforces Round (Div. 1 + Div. 2),https://codeforces.com/contest/2261
2026-10-12 00:05:00,Codeforces Round (Div. 1),https://codeforces.com/contest/2273
2026-10-12 00:05:00,Codeforces Round (Div. 2),https://codeforces.com/contest/2274
2026-10-10 20:35:00,Codeforces Round (Div. 1 + Div. 2),https://codeforces.com/contest/2271
